{
    "jdk.node.properties.edit": "属性",
    "jdk.views.run.config": "运行配置",
    "jdk.views.explorer.projects": "项目",
    "jdk.workspace.compile": "编译工作区",
    "jdk.workspace.clean": "清除工作区",
    "jdk.workspace.new": "从模板新建...",
    "jdk.workspace.newproject": "新建项目...",
    "jdk.java.goto.super.implementation": "转至超级实现",
    "jdk.open.type": "打开类型...",
    "jdk.foundProjects.deleteEntry": "删除",
    "jdk.Edit.org.openide.actions.DeleteAction": "删除",
    "workbench.action.debug.run": "运行但不调试",
    "workbench.action.debug.start": "启动调试",
    "jdk.project.run": "运行项目但不调试",
    "jdk.project.debug": "调试项目",
    "jdk.project.test": "测试项目",
    "jdk.project.compile": "编译项目",
    "jdk.project.clean": "清除项目",
    "jdk.workspace.configureRunSettings": "编辑",
    "jdk.select.editor.projects": "在项目中显示活动编辑器",
    "testing.runAll": "运行所有测试",
    "jdk.addEventListener": "添加事件监听程序",
    "jdk.download.jdk": "下载、安装和使用 JDK",
    "jdk.open.test": "转至测试/测试的类...",
    "jdk.delete.cache": "删除此工作区的 Oracle Java 扩展高速缓存",
    "jdk.configuration.specifyJdk.description": "指定适用于 Oracle Visual Studio Code 扩展的 JDK",
    "jdk.configuration.specifyProjectJdk.description": "指定将在其上运行用户项目的 JDK。默认值为 jdk.jdkhome",
    "jdk.configuration.verbose.description": "启用来自 Oracle Visual Studio Code 扩展的详细消息",
    "jdk.configuration.userdir.description": "将设置和高速缓存保留为“全局”还是按工作区保留为“本地”？",
    "jdk.configuration.userdir.description.shareData": "在所有工作区之间共享数据（更有效）",
    "jdk.configuration.userdir.description.isolated": "每个工作区都有自己的数据（更具隔离性）",
    "jdk.configuration.userdir.deprecationMessage": "默认行为是每个工作区有单独的 userdir",
    "jdk.configuration.revealActiveInProjects.description": "在项目视图中显示活动文本编辑器",
    "jdk.configuration.testEditor.description": "在编辑器中启用运行/调试测试",
    "jdk.configuration.javadoc.timeout.description": "在代码完成时加载 Javadoc 的超时（毫秒）（-1 表示无限制）",
    "jdk.configuration.formatterSettings.description": "包含导出的格式化程序设置的文件的路径",
    "jdk.configuration.hints.preferences.description": "包含导出的提示首选项的文件的路径",
    "jdk.configuration.organiseImports.description": "允许在保存文档时进行组织导入操作",
    "jdk.configuration.organiseImports.sortingOrder.description": "包含导入语句的组（由其程序包前缀指定）及其排序顺序。组中的导入语句按字母顺序排序",
    "jdk.configuration.countForUsingStarImport.description": "使用星型导入的类计数",
    "jdk.configuration.countForUsingStaticStarImport.description": "使用静态星型导入的成员计数",
    "jdk.configuration.arguments.description": "参数",
    "jdk.configuration.vmOptions.description": "VM 选项",
    "jdk.configuration.serverVmOptions.description": "指定用于启动 Java Language Server 的额外 VM 参数",
    "jdk.configuration.runConfig.env.description": "环境变量",
    "jdk.configuration.runConfig.cwd.description": "工作目录",
    "jdk.configuration.disableNbJavac.description": "高级选项：禁用 nb-javac 库，将使用来自所选 JDK 的 javac。所选 JDK 必须至少为 JDK 22。",
    "jdk.configuration.disableProjectSearchLimit.description": "高级选项：禁用在包含项目信息的文件夹中搜索的限制。",
    "jdk.debugger.configuration.mainClass.description": "程序主类的绝对路径。",
    "jdk.debugger.configuration.classPaths.description": "用于启动 JVM 的类路径。",
    "jdk.debugger.configuration.console.description": "用于启动程序的指定控制台。",
    "jdk.debugger.configuration.args.description": "所执行类的参数",
    "jdk.debugger.configuration.vmArgs.description": "Java VM 的参数",
    "jdk.debugger.configuration.cwd.description": "程序执行的工作目录",
    "jdk.debugger.configuration.env.description": "程序执行的环境变量",
    "jdk.debugger.configuration.launchConfiguration.description": "启动的模式和默认行为",
    "jdk.debugger.configuration.attach.hostName.description": "要附加到的主机名或 IP 地址",
    "jdk.debugger.configuration.attach.port.description": "要附加到的端口号",
    "jdk.debugger.configuration.attach.sharedMemoryName.description": "被调试程序的共享内存名称",
    "jdk.debugger.configuration.attach.processId.description": "被调试程序的进程 ID",
    "jdk.debugger.configuration.attach.listen.description": "监听要附加的被调试程序",
    "jdk.debugger.configuration.attach.timeout.description": "等待附加操作时的超时",
    "jdk.initialConfigurations.launchJavaApp.name": "启动 Java 应用程序",
    "jdk.configurationSnippets.name": "启动 Java 应用程序",
    "jdk.configurationSnippets.label": "Java+：启动 Java 应用程序",
    "jdk.configurationSnippets.description": "以调试模式启动 Java 应用程序"
}