{
    "jdk.node.properties.edit": "プロパティ",
    "jdk.views.run.config": "実行構成",
    "jdk.views.explorer.projects": "プロジェクト",
    "jdk.workspace.compile": "ワークスペースのコンパイル",
    "jdk.workspace.clean": "ワークスペースの消去",
    "jdk.workspace.new": "テンプレートから新規作成...",
    "jdk.workspace.newproject": "新規プロジェクト...",
    "jdk.java.goto.super.implementation": "スーパークラスの実装へ移動",
    "jdk.open.type": "タイプを開く...",
    "jdk.foundProjects.deleteEntry": "削除",
    "jdk.Edit.org.openide.actions.DeleteAction": "削除",
    "workbench.action.debug.run": "デバッグなしで実行",
    "workbench.action.debug.start": "デバッグの開始",
    "jdk.project.run": "デバッグなしでプロジェクトの実行",
    "jdk.project.debug": "プロジェクトのデバッグ",
    "jdk.project.test": "プロジェクトのテスト",
    "jdk.project.compile": "プロジェクトのコンパイル",
    "jdk.project.clean": "プロジェクトの消去",
    "jdk.workspace.configureRunSettings": "編集",
    "jdk.select.editor.projects": "プロジェクトのアクティブ・エディタを表示",
    "testing.runAll": "すべてのテストの実行",
    "jdk.addEventListener": "イベント・リスナーの追加",
    "jdk.download.jdk": "JDKのダウンロード、インストールおよび使用",
    "jdk.open.test": "テスト/テスト済のクラスへ移動...",
    "jdk.delete.cache": "このワークスペースのOracle Java拡張キャッシュの削除",
    "jdk.configuration.specifyJdk.description": "Oracle Visual Studio Code拡張機能のJDKを指定します",
    "jdk.configuration.specifyProjectJdk.description": "ユーザーのプロジェクトが実行されるJDKを指定します。値はデフォルトでjdk.jdkhomeに設定されます",
    "jdk.configuration.verbose.description": "Oracle Visual Studio Code拡張機能からの詳細メッセージを有効化します",
    "jdk.configuration.userdir.description": "設定およびキャッシュをワークスペースごとにグローバルまたはローカルとして保持しますか。",
    "jdk.configuration.userdir.description.shareData": "すべてのワークスペース間でデータを共有します(より効果的)",
    "jdk.configuration.userdir.description.isolated": "各ワークスペースで独自のデータを保持します(より分離されている)",
    "jdk.configuration.userdir.deprecationMessage": "各ワークスペースに個別のuserdirがデフォルト動作です",
    "jdk.configuration.revealActiveInProjects.description": "プロジェクト・ビューにアクティブなテキスト・エディタを表示",
    "jdk.configuration.testEditor.description": "エディタで実行/デバッグ・テストを有効にします",
    "jdk.configuration.javadoc.timeout.description": "コード補完でのJavadocのロードのタイムアウト(ミリ秒)(無制限は-1)",
    "jdk.configuration.formatterSettings.description": "エクスポート済のフォーマッタ設定を含むファイルへのパス",
    "jdk.configuration.hints.preferences.description": "エクスポート済のヒント・プリファレンスを含むファイルへのパス",
    "jdk.configuration.organiseImports.description": "ドキュメントの保存でインポートの編成アクションを有効化します",
    "jdk.configuration.organiseImports.sortingOrder.description": "import文のグループ(パッケージ接頭辞により指定)およびソート順。グループ内のImport文はアルファベット順です",
    "jdk.configuration.countForUsingStarImport.description": "スター・インポートを使用するクラス数",
    "jdk.configuration.countForUsingStaticStarImport.description": "静的スター・インポートを使用するメンバー数",
    "jdk.configuration.arguments.description": "引数",
    "jdk.configuration.vmOptions.description": "VMオプション",
    "jdk.configuration.serverVmOptions.description": "Java言語サーバーの起動に使用されるその他のVM引数を指定します",
    "jdk.configuration.runConfig.env.description": "環境変数",
    "jdk.configuration.runConfig.cwd.description": "作業ディレクトリ",
    "jdk.configuration.disableNbJavac.description": "拡張オプション: nb-javacライブラリを無効化すると、選択したJDKからのjavacが使用されます。選択したJDKは少なくともJDK 22である必要があります。",
    "jdk.configuration.disableProjectSearchLimit.description": "拡張オプション: プロジェクト情報が含まれているフォルダの検索に対する制限を無効化します。",
    "jdk.debugger.configuration.mainClass.description": "プログラムのメイン・クラスへの絶対パス。",
    "jdk.debugger.configuration.classPaths.description": "JVMの起動のためのクラスパス。",
    "jdk.debugger.configuration.console.description": "プログラムを起動する指定されたコンソール。",
    "jdk.debugger.configuration.args.description": "実行クラスの引数",
    "jdk.debugger.configuration.vmArgs.description": "Java VMの引数",
    "jdk.debugger.configuration.cwd.description": "プログラム実行の作業ディレクトリ",
    "jdk.debugger.configuration.env.description": "プログラム実行の環境変数",
    "jdk.debugger.configuration.launchConfiguration.description": "起動のモードおよびデフォルト動作",
    "jdk.debugger.configuration.attach.hostName.description": "アタッチするホスト名またはIPアドレス",
    "jdk.debugger.configuration.attach.port.description": "アタッチするポート番号",
    "jdk.debugger.configuration.attach.sharedMemoryName.description": "デバッグ対象の共有メモリー名",
    "jdk.debugger.configuration.attach.processId.description": "デバッグ対象のプロセスID",
    "jdk.debugger.configuration.attach.listen.description": "アタッチするデバッグ対象をリスニング",
    "jdk.debugger.configuration.attach.timeout.description": "アタッチを待つ間のタイムアウト",
    "jdk.initialConfigurations.launchJavaApp.name": "Javaアプリケーションの起動",
    "jdk.configurationSnippets.name": "Javaアプリケーションの起動",
    "jdk.configurationSnippets.label": "Java+: Javaアプリケーションの起動",
    "jdk.configurationSnippets.description": "デバッグ・モードでのJavaアプリケーションの起動"
}